slot,insurer,network_label,url_template,current_url,current_table,last_updated_on,machine_group,enabled,finder,finder_arg
aetna-pl-22z-hr23-aetna-health-inc-texas-json-gz,Aetna,Aetna Texas HMO - Open Access Health Network Option,https://mrf.healthsparq.com/aetnacvs-egress.nophi.kyruushsq.com/prd/mrf/AETNACVS_I/ALICFI/{date}/inNetworkRates/{date}_pl-22z-hr23_Aetna-Health-Inc.---Texas.json.gz,https://mrf.healthsparq.com/aetnacvs-egress.nophi.kyruushsq.com/prd/mrf/AETNACVS_I/ALICFI/2026-09-05/inNetworkRates/2026-09-05_pl-22z-hr23_Aetna-Health-Inc.---Texas.json.gz,2026-09-05_pl-22z-hr23_Aetna-Health-Inc.---Texas,2026-09-05,aetna,yes,,
aetna-pl-2ua-hr23-aetna-life-insurance-company-json-gz,Aetna,Aetna Open Access Managed Choice,https://mrf.healthsparq.com/aetnacvs-egress.nophi.kyruushsq.com/prd/mrf/AETNACVS_I/ALICFI/{date}/inNetworkRates/{date}_pl-2ua-hr23_Aetna-Life-Insurance-Company.json.gz,https://mrf.healthsparq.com/aetnacvs-egress.nophi.kyruushsq.com/prd/mrf/AETNACVS_I/ALICFI/2026-09-05/inNetworkRates/2026-09-05_pl-2ua-hr23_Aetna-Life-Insurance-Company.json.gz,2026-09-05_pl-2ua-hr23_Aetna-Life-Insurance-Company,2026-09-05,aetna,yes,,
aetna-pl-3ei-hr23-aetna-life-insurance-company-json-gz,Aetna,Aetna Open Access Elect Choice,https://mrf.healthsparq.com/aetnacvs-egress.nophi.kyruushsq.com/prd/mrf/AETNACVS_I/ALICFI/{date}/inNetworkRates/{date}_pl-3ei-hr23_Aetna-Life-Insurance-Company.json.gz,https://mrf.healthsparq.com/aetnacvs-egress.nophi.kyruushsq.com/prd/mrf/AETNACVS_I/ALICFI/2026-09-05/inNetworkRates/2026-09-05_pl-3ei-hr23_Aetna-Life-Insurance-Company.json.gz,2026-09-05_pl-3ei-hr23_Aetna-Life-Insurance-Company,2026-09-05,aetna,yes,,
aetna-pl-4wr-hr23-aetna-health-inc-texas-json-gz,Aetna,Aetna Texas HMO - Open Access Health Network Only,https://mrf.healthsparq.com/aetnacvs-egress.nophi.kyruushsq.com/prd/mrf/AETNACVS_I/ALICFI/{date}/inNetworkRates/{date}_pl-4wr-hr23_Aetna-Health-Inc.---Texas.json.gz,https://mrf.healthsparq.com/aetnacvs-egress.nophi.kyruushsq.com/prd/mrf/AETNACVS_I/ALICFI/2026-09-05/inNetworkRates/2026-09-05_pl-4wr-hr23_Aetna-Health-Inc.---Texas.json.gz,2026-09-05_pl-4wr-hr23_Aetna-Health-Inc.---Texas,2026-09-05,aetna,yes,,
aetna-pl-4xo-tr25-aetna-life-insurance-company-json-gz,Aetna,Open Access Aetna Select,https://mrf.healthsparq.com/aetnacvs-egress.nophi.kyruushsq.com/prd/mrf/AETNACVS_I/ALICSI/{date}/inNetworkRates/{date}_pl-4xo-tr25_Aetna-Life-Insurance-Company.json.gz,https://mrf.healthsparq.com/aetnacvs-egress.nophi.kyruushsq.com/prd/mrf/AETNACVS_I/ALICSI/2026-09-05/inNetworkRates/2026-09-05_pl-4xo-tr25_Aetna-Life-Insurance-Company.json.gz,2026-09-05_pl-4xo-tr25_Aetna-Life-Insurance-Company,2026-09-05,aetna,yes,,
aetna-pl-5it-hr23-aetna-life-insurance-company-json-gz,Aetna,Aetna PPO,https://mrf.healthsparq.com/aetnacvs-egress.nophi.kyruushsq.com/prd/mrf/AETNACVS_I/ALICFI/{date}/inNetworkRates/{date}_pl-5it-hr23_Aetna-Life-Insurance-Company.json.gz,https://mrf.healthsparq.com/aetnacvs-egress.nophi.kyruushsq.com/prd/mrf/AETNACVS_I/ALICFI/2026-09-05/inNetworkRates/2026-09-05_pl-5it-hr23_Aetna-Life-Insurance-Company.json.gz,2026-09-05_pl-5it-hr23_Aetna-Life-Insurance-Company,2026-09-05,aetna,yes,,
aetna-pl-7-tr25-aetna-life-insurance-company-json-gz,Aetna,Aetna Choice POS II,https://mrf.healthsparq.com/aetnacvs-egress.nophi.kyruushsq.com/prd/mrf/AETNACVS_I/ALICSI/{date}/inNetworkRates/{date}_pl-7-tr25_Aetna-Life-Insurance-Company.json.gz,https://mrf.healthsparq.com/aetnacvs-egress.nophi.kyruushsq.com/prd/mrf/AETNACVS_I/ALICSI/2026-09-05/inNetworkRates/2026-09-05_pl-7-tr25_Aetna-Life-Insurance-Company.json.gz,2026-09-05_pl-7-tr25_Aetna-Life-Insurance-Company,2026-09-05,aetna,yes,,
ambetter-centene-management-company-llc-ambetter-tx-in-network-json,Ambetter,Ambetter Texas exchange plans,https://www.centene.com/content/dam/centene/Centene%20Corporate/json/DOCUMENT/{date}_centene-management-company-llc_ambetter-tx_in-network.json,https://www.centene.com/content/dam/centene/Centene%20Corporate/json/DOCUMENT/2026-08-31_centene-management-company-llc_ambetter-tx_in-network.json,2026-08-31_centene-management-company-llc_ambetter-tx_in-network,2026-08-31,small,yes,,
bcbstx-blue-cross-and-blue-shield-of-texas-blue-advantage-hmo-in-network-rates-j,BCBSTX,BCBSTX Blue Advantage HMO,https://app0004702110a5prdnc685.blob.core.windows.net/output/{date}_Blue-Cross-and-Blue-Shield-of-Texas_Blue-Advantage-HMO_in-network-rates.json.gz,https://app0004702110a5prdnc685.blob.core.windows.net/output/2026-08-14_Blue-Cross-and-Blue-Shield-of-Texas_Blue-Advantage-HMO_in-network-rates.json.gz,2026-08-14_Blue-Cross-and-Blue-Shield-of-Texas_Blue-Advantage-HMO_in-network-rates,2026-08-14,bcbstx,yes,,
bcbstx-blue-cross-and-blue-shield-of-texas-blue-choice-ppo-in-network-rates-json,BCBSTX,BCBSTX Blue Choice PPO,https://app0004702110a5prdnc685.blob.core.windows.net/output/{date}_Blue-Cross-and-Blue-Shield-of-Texas_Blue-Choice-PPO_in-network-rates.json.gz,https://app0004702110a5prdnc685.blob.core.windows.net/output/2026-08-15_Blue-Cross-and-Blue-Shield-of-Texas_Blue-Choice-PPO_in-network-rates.json.gz,2026-08-15_Blue-Cross-and-Blue-Shield-of-Texas_Blue-Choice-PPO_in-network-rates,2026-08-15,bcbstx,yes,,
bcbstx-blue-cross-and-blue-shield-of-texas-blue-premier-in-network-rates-json-gz,BCBSTX,BCBSTX Blue Premier,https://app0004702110a5prdnc685.blob.core.windows.net/output/{date}_Blue-Cross-and-Blue-Shield-of-Texas_Blue-Premier_in-network-rates.json.gz,https://app0004702110a5prdnc685.blob.core.windows.net/output/2026-08-14_Blue-Cross-and-Blue-Shield-of-Texas_Blue-Premier_in-network-rates.json.gz,2026-08-14_Blue-Cross-and-Blue-Shield-of-Texas_Blue-Premier_in-network-rates,2026-08-15,bcbstx,yes,,
bcbstx-blue-cross-and-blue-shield-of-texas-myblue-health-hmo-in-network-rates-js,BCBSTX,BCBSTX MyBlue Health HMO,https://app0004702110a5prdnc685.blob.core.windows.net/output/{date}_Blue-Cross-and-Blue-Shield-of-Texas_MyBlue-Health-HMO_in-network-rates.json.gz,https://app0004702110a5prdnc685.blob.core.windows.net/output/2026-08-14_Blue-Cross-and-Blue-Shield-of-Texas_MyBlue-Health-HMO_in-network-rates.json.gz,2026-08-14_Blue-Cross-and-Blue-Shield-of-Texas_MyBlue-Health-HMO_in-network-rates,2026-08-15,bcbstx,yes,,
bcbstx-blue-cross-and-blue-shield-of-texas-parplan-in-network-rates-json-gz,BCBSTX,BCBSTX ParPlan,https://app0004702110a5prdnc685.blob.core.windows.net/output/{date}_Blue-Cross-and-Blue-Shield-of-Texas_ParPlan_in-network-rates.json.gz,https://app0004702110a5prdnc685.blob.core.windows.net/output/2026-08-14_Blue-Cross-and-Blue-Shield-of-Texas_ParPlan_in-network-rates.json.gz,2026-08-14_Blue-Cross-and-Blue-Shield-of-Texas_ParPlan_in-network-rates,2026-08-15,bcbstx,yes,,
bsw-health-plan-bswplushmo-json,BSW Health Plan,BSWPlusHMO,https://wadcdnstorageprod.blob.core.windows.net/bswhp/JSON/In-Network/{date}_BSWPlusHMO.json,https://wadcdnstorageprod.blob.core.windows.net/bswhp/JSON/In-Network/2026-09-01_BSWPlusHMO.json,2026-09-01_BSWPlusHMO,2026-09-01,small,yes,azure_list,https://wadcdnstorageprod.blob.core.windows.net/bswhp?restype=container&comp=list&prefix=JSON/In-Network/|^\d{4}-\d{2}-\d{2}_BSW_?Plus_?HMO.*\.7z$
bsw-health-plan-bswplusppoinnetwork-json,BSW Health Plan,BSWPlusPPO,https://wadcdnstorageprod.blob.core.windows.net/bswhp/JSON/In-Network/{date}_BSWPlusPPOInNetwork.json,https://wadcdnstorageprod.blob.core.windows.net/bswhp/JSON/In-Network/2026-09-01_BSWPlusPPOInNetwork.json,2026-09-01_BSWPlusPPOInNetwork,2026-09-01,small,yes,azure_list,https://wadcdnstorageprod.blob.core.windows.net/bswhp?restype=container&comp=list&prefix=JSON/In-Network/|^\d{4}-\d{2}-\d{2}_BSW_?Plus_?PPO.*\.7z$
cigna-cigna-health-life-insurance-company-ifp-texas-connect-in-network-rates-jso,Cigna,Cigna IFP Texas Connect,https://d25kgz5rikkq4n.cloudfront.net/cost_transparency/mrf/in-network-rates/reporting_month={ym}/{date}_cigna-health-life-insurance-company_ifp-texas-connect_in-network-rates.json.gz,https://d25kgz5rikkq4n.cloudfront.net/cost_transparency/mrf/in-network-rates/reporting_month=2026-09/2026-09-01_cigna-health-life-insurance-company_ifp-texas-connect_in-network-rates.json.gz,2026-09-01_cigna-health-life-insurance-company_ifp-texas-connect_in-network-rates,2026-09-01,cigna,yes,cigna_toc,ifp-texas-connect
cigna-cigna-health-life-insurance-company-localplus-in-network-rates-json-gz,Cigna,Cigna LocalPlus,https://d25kgz5rikkq4n.cloudfront.net/cost_transparency/mrf/in-network-rates/reporting_month={ym}/{date}_cigna-health-life-insurance-company_localplus_in-network-rates.json.gz,https://d25kgz5rikkq4n.cloudfront.net/cost_transparency/mrf/in-network-rates/reporting_month=2026-09/2026-09-01_cigna-health-life-insurance-company_localplus_in-network-rates.json.gz,2026-09-01_cigna-health-life-insurance-company_localplus_in-network-rates,2026-09-01,cigna,yes,cigna_toc,localplus
cigna-cigna-health-life-insurance-company-national-oap-in-network-rates-json-gz,Cigna,Cigna Open Access Plus,https://d25kgz5rikkq4n.cloudfront.net/cost_transparency/mrf/in-network-rates/reporting_month={ym}/{date}_cigna-health-life-insurance-company_national-oap_in-network-rates.json.gz,https://d25kgz5rikkq4n.cloudfront.net/cost_transparency/mrf/in-network-rates/reporting_month=2026-09/2026-09-01_cigna-health-life-insurance-company_national-oap_in-network-rates.json.gz,2026-09-01_cigna-health-life-insurance-company_national-oap_in-network-rates,2026-09-01,cigna,yes,cigna_toc,national-oap
cigna-cigna-health-life-insurance-company-pathwell-oap-in-network-rates-json-gz,Cigna,Cigna Pathwell OAP,https://d25kgz5rikkq4n.cloudfront.net/cost_transparency/mrf/in-network-rates/reporting_month={ym}/{date}_cigna-health-life-insurance-company_pathwell-oap_in-network-rates.json.gz,https://d25kgz5rikkq4n.cloudfront.net/cost_transparency/mrf/in-network-rates/reporting_month=2026-09/2026-09-01_cigna-health-life-insurance-company_pathwell-oap_in-network-rates.json.gz,2026-09-01_cigna-health-life-insurance-company_pathwell-oap_in-network-rates,2026-09-01,cigna,yes,cigna_toc,pathwell-oap
curative-curative-in-network-rates-001-of-006-json-gz,Curative,Curative Network,https://static.curative.com/transparency_in_coverage/{date}_curative_in-network-rates_001-of-006.json.gz,https://static.curative.com/transparency_in_coverage/2026-09-01_curative_in-network-rates_001-of-006.json.gz,2026-09-01_curative_in-network-rates_001-of-006,2026-09-01,small,yes,,
curative-curative-in-network-rates-002-of-006-json-gz,Curative,Curative Network,https://static.curative.com/transparency_in_coverage/{date}_curative_in-network-rates_002-of-006.json.gz,https://static.curative.com/transparency_in_coverage/2026-09-01_curative_in-network-rates_002-of-006.json.gz,2026-09-01_curative_in-network-rates_002-of-006,2026-09-01,small,yes,,
curative-curative-in-network-rates-003-of-006-json-gz,Curative,Curative Network,https://static.curative.com/transparency_in_coverage/{date}_curative_in-network-rates_003-of-006.json.gz,https://static.curative.com/transparency_in_coverage/2026-09-01_curative_in-network-rates_003-of-006.json.gz,2026-09-01_curative_in-network-rates_003-of-006,2026-09-01,small,yes,,
curative-curative-in-network-rates-004-of-006-json-gz,Curative,Curative Network,https://static.curative.com/transparency_in_coverage/{date}_curative_in-network-rates_004-of-006.json.gz,https://static.curative.com/transparency_in_coverage/2026-09-01_curative_in-network-rates_004-of-006.json.gz,2026-09-01_curative_in-network-rates_004-of-006,2026-09-01,small,yes,,
curative-curative-in-network-rates-005-of-006-json-gz,Curative,Curative Network,https://static.curative.com/transparency_in_coverage/{date}_curative_in-network-rates_005-of-006.json.gz,https://static.curative.com/transparency_in_coverage/2026-09-01_curative_in-network-rates_005-of-006.json.gz,2026-09-01_curative_in-network-rates_005-of-006,2026-09-01,small,yes,,
curative-curative-in-network-rates-006-of-006-json-gz,Curative,Curative Network,https://static.curative.com/transparency_in_coverage/{date}_curative_in-network-rates_006-of-006.json.gz,https://static.curative.com/transparency_in_coverage/2026-09-01_curative_in-network-rates_006-of-006.json.gz,2026-09-01_curative_in-network-rates_006-of-006,2026-09-01,small,yes,,
molina-innetwork-g-gmzct24818-json,Molina,Molina Marketplace TX (innetwork-G-GMZCT24818),https://www.molinamarketplace.com/PricingTransparency/263574/TX/INN/innetwork-G-GMZCT24818.json,https://www.molinamarketplace.com/PricingTransparency/263574/TX/INN/innetwork-G-GMZCT24818.json,innetwork-G-GMZCT24818,2026-08-11,small,no,,
molina-innetwork-g-gmzct27929-json,Molina,Molina Marketplace TX (innetwork-G-GMZCT27929),https://www.molinamarketplace.com/PricingTransparency/263574/TX/INN/innetwork-G-GMZCT27929.json,https://www.molinamarketplace.com/PricingTransparency/263574/TX/INN/innetwork-G-GMZCT27929.json,innetwork-G-GMZCT27929,2026-08-11,small,no,,
molina-innetwork-g-gmzct28161-json,Molina,Molina Marketplace TX (innetwork-G-GMZCT28161),https://www.molinamarketplace.com/PricingTransparency/263574/TX/INN/innetwork-G-GMZCT28161.json,https://www.molinamarketplace.com/PricingTransparency/263574/TX/INN/innetwork-G-GMZCT28161.json,innetwork-G-GMZCT28161,2026-08-11,small,no,,
molina-innetwork-g-gmzct28406-json,Molina,Molina Marketplace TX (innetwork-G-GMZCT28406),https://www.molinamarketplace.com/PricingTransparency/263574/TX/INN/innetwork-G-GMZCT28406.json,https://www.molinamarketplace.com/PricingTransparency/263574/TX/INN/innetwork-G-GMZCT28406.json,innetwork-G-GMZCT28406,2026-08-11,small,no,,
molina-innetwork-g-gmzct31852-json,Molina,Molina Marketplace TX (innetwork-G-GMZCT31852),https://www.molinamarketplace.com/PricingTransparency/263574/TX/INN/innetwork-G-GMZCT31852.json,https://www.molinamarketplace.com/PricingTransparency/263574/TX/INN/innetwork-G-GMZCT31852.json,innetwork-G-GMZCT31852,2026-08-11,small,no,,
molina-innetwork-g-mptct00001-json,Molina,Molina Marketplace TX (innetwork-G-MPTCT00001),https://www.molinamarketplace.com/PricingTransparency/263574/TX/INN/innetwork-G-MPTCT00001.json,https://www.molinamarketplace.com/PricingTransparency/263574/TX/INN/innetwork-G-MPTCT00001.json,innetwork-G-MPTCT00001,2026-08-11,small,no,,
molina-innetwork-g-mptct00002-json,Molina,Molina Marketplace TX (innetwork-G-MPTCT00002),https://www.molinamarketplace.com/PricingTransparency/263574/TX/INN/innetwork-G-MPTCT00002.json,https://www.molinamarketplace.com/PricingTransparency/263574/TX/INN/innetwork-G-MPTCT00002.json,innetwork-G-MPTCT00002,2026-08-11,small,no,,
molina-innetwork-g-mptct00003-json,Molina,Molina Marketplace TX (innetwork-G-MPTCT00003),https://www.molinamarketplace.com/PricingTransparency/263574/TX/INN/innetwork-G-MPTCT00003.json,https://www.molinamarketplace.com/PricingTransparency/263574/TX/INN/innetwork-G-MPTCT00003.json,innetwork-G-MPTCT00003,2026-08-11,small,no,,
molina-innetwork-g-mptct00004-json,Molina,Molina Marketplace TX (innetwork-G-MPTCT00004),https://www.molinamarketplace.com/PricingTransparency/263574/TX/INN/innetwork-G-MPTCT00004.json,https://www.molinamarketplace.com/PricingTransparency/263574/TX/INN/innetwork-G-MPTCT00004.json,innetwork-G-MPTCT00004,2026-08-11,small,no,,
molina-innetwork-g-mptct00007-json,Molina,Molina Marketplace TX (innetwork-G-MPTCT00007),https://www.molinamarketplace.com/PricingTransparency/263574/TX/INN/innetwork-G-MPTCT00007.json,https://www.molinamarketplace.com/PricingTransparency/263574/TX/INN/innetwork-G-MPTCT00007.json,innetwork-G-MPTCT00007,2026-08-11,small,no,,
molina-innetwork-g-mptct00025-json,Molina,Molina Marketplace TX (innetwork-G-MPTCT00025),https://www.molinamarketplace.com/PricingTransparency/263574/TX/INN/innetwork-G-MPTCT00025.json,https://www.molinamarketplace.com/PricingTransparency/263574/TX/INN/innetwork-G-MPTCT00025.json,innetwork-G-MPTCT00025,2026-08-11,small,no,,
molina-innetwork-g-mptct00026-json,Molina,Molina Marketplace TX (innetwork-G-MPTCT00026),https://www.molinamarketplace.com/PricingTransparency/263574/TX/INN/innetwork-G-MPTCT00026.json,https://www.molinamarketplace.com/PricingTransparency/263574/TX/INN/innetwork-G-MPTCT00026.json,innetwork-G-MPTCT00026,2026-08-11,small,no,,
molina-innetwork-g-mptct00035-json,Molina,Molina Marketplace TX (innetwork-G-MPTCT00035),https://www.molinamarketplace.com/PricingTransparency/263574/TX/INN/innetwork-G-MPTCT00035.json,https://www.molinamarketplace.com/PricingTransparency/263574/TX/INN/innetwork-G-MPTCT00035.json,innetwork-G-MPTCT00035,2026-08-11,small,no,,
molina-innetwork-g-mptct00037-json,Molina,Molina Marketplace TX (innetwork-G-MPTCT00037),https://www.molinamarketplace.com/PricingTransparency/263574/TX/INN/innetwork-G-MPTCT00037.json,https://www.molinamarketplace.com/PricingTransparency/263574/TX/INN/innetwork-G-MPTCT00037.json,innetwork-G-MPTCT00037,2026-08-11,small,no,,
molina-innetwork-g-mptct00039-json,Molina,Molina Marketplace TX (innetwork-G-MPTCT00039),https://www.molinamarketplace.com/PricingTransparency/263574/TX/INN/innetwork-G-MPTCT00039.json,https://www.molinamarketplace.com/PricingTransparency/263574/TX/INN/innetwork-G-MPTCT00039.json,innetwork-G-MPTCT00039,2026-08-11,small,no,,
molina-innetwork-g-mptct00040-json,Molina,Molina Marketplace TX (innetwork-G-MPTCT00040),https://www.molinamarketplace.com/PricingTransparency/263574/TX/INN/innetwork-G-MPTCT00040.json,https://www.molinamarketplace.com/PricingTransparency/263574/TX/INN/innetwork-G-MPTCT00040.json,innetwork-G-MPTCT00040,2026-08-11,small,no,,
molina-innetwork-g-mptct00041-json,Molina,Molina Marketplace TX (innetwork-G-MPTCT00041),https://www.molinamarketplace.com/PricingTransparency/263574/TX/INN/innetwork-G-MPTCT00041.json,https://www.molinamarketplace.com/PricingTransparency/263574/TX/INN/innetwork-G-MPTCT00041.json,innetwork-G-MPTCT00041,2026-08-11,small,no,,
molina-innetwork-g-mptct00042-json,Molina,Molina Marketplace TX (innetwork-G-MPTCT00042),https://www.molinamarketplace.com/PricingTransparency/263574/TX/INN/innetwork-G-MPTCT00042.json,https://www.molinamarketplace.com/PricingTransparency/263574/TX/INN/innetwork-G-MPTCT00042.json,innetwork-G-MPTCT00042,2026-08-11,small,no,,
molina-innetwork-g-mptct00043-json,Molina,Molina Marketplace TX (innetwork-G-MPTCT00043),https://www.molinamarketplace.com/PricingTransparency/263574/TX/INN/innetwork-G-MPTCT00043.json,https://www.molinamarketplace.com/PricingTransparency/263574/TX/INN/innetwork-G-MPTCT00043.json,innetwork-G-MPTCT00043,2026-08-11,small,no,,
molina-innetwork-g-mptct00045-json,Molina,Molina Marketplace TX (innetwork-G-MPTCT00045),https://www.molinamarketplace.com/PricingTransparency/263574/TX/INN/innetwork-G-MPTCT00045.json,https://www.molinamarketplace.com/PricingTransparency/263574/TX/INN/innetwork-G-MPTCT00045.json,innetwork-G-MPTCT00045,2026-08-11,small,no,,
molina-innetwork-g-mptct00050-json,Molina,Molina Marketplace TX (innetwork-G-MPTCT00050),https://www.molinamarketplace.com/PricingTransparency/263574/TX/INN/innetwork-G-MPTCT00050.json,https://www.molinamarketplace.com/PricingTransparency/263574/TX/INN/innetwork-G-MPTCT00050.json,innetwork-G-MPTCT00050,2026-08-11,small,no,,
molina-innetwork-g-qmxct000044-json,Molina,Molina Marketplace TX (innetwork-G-QMXCT000044),https://www.molinamarketplace.com/PricingTransparency/263574/TX/INN/innetwork-G-QMXCT000044.json,https://www.molinamarketplace.com/PricingTransparency/263574/TX/INN/innetwork-G-QMXCT000044.json,innetwork-G-QMXCT000044,2026-08-11,small,no,,
molina-innetwork-g-qmxct0000479-json,Molina,Molina Marketplace TX (innetwork-G-QMXCT0000479),https://www.molinamarketplace.com/PricingTransparency/263574/TX/INN/innetwork-G-QMXCT0000479.json,https://www.molinamarketplace.com/PricingTransparency/263574/TX/INN/innetwork-G-QMXCT0000479.json,innetwork-G-QMXCT0000479,2026-08-11,small,no,,
molina-innetwork-g-qmxct0000617-json,Molina,Molina Marketplace TX (innetwork-G-QMXCT0000617),https://www.molinamarketplace.com/PricingTransparency/263574/TX/INN/innetwork-G-QMXCT0000617.json,https://www.molinamarketplace.com/PricingTransparency/263574/TX/INN/innetwork-G-QMXCT0000617.json,innetwork-G-QMXCT0000617,2026-08-11,small,no,,
molina-innetwork-g-qmxct03305-json,Molina,Molina Marketplace TX (innetwork-G-QMXCT03305),https://www.molinamarketplace.com/PricingTransparency/263574/TX/INN/innetwork-G-QMXCT03305.json,https://www.molinamarketplace.com/PricingTransparency/263574/TX/INN/innetwork-G-QMXCT03305.json,innetwork-G-QMXCT03305,2026-08-11,small,no,,
molina-innetwork-g-qmxct03316-json,Molina,Molina Marketplace TX (innetwork-G-QMXCT03316),https://www.molinamarketplace.com/PricingTransparency/263574/TX/INN/innetwork-G-QMXCT03316.json,https://www.molinamarketplace.com/PricingTransparency/263574/TX/INN/innetwork-G-QMXCT03316.json,innetwork-G-QMXCT03316,2026-08-11,small,no,,
molina-innetwork-g-qmxct03327-json,Molina,Molina Marketplace TX (innetwork-G-QMXCT03327),https://www.molinamarketplace.com/PricingTransparency/263574/TX/INN/innetwork-G-QMXCT03327.json,https://www.molinamarketplace.com/PricingTransparency/263574/TX/INN/innetwork-G-QMXCT03327.json,innetwork-G-QMXCT03327,2026-08-11,small,no,,
molina-innetwork-g-qmxct03333-json,Molina,Molina Marketplace TX (innetwork-G-QMXCT03333),https://www.molinamarketplace.com/PricingTransparency/263574/TX/INN/innetwork-G-QMXCT03333.json,https://www.molinamarketplace.com/PricingTransparency/263574/TX/INN/innetwork-G-QMXCT03333.json,innetwork-G-QMXCT03333,2026-08-11,small,no,,
molina-innetwork-g-qmxct03343-json,Molina,Molina Marketplace TX (innetwork-G-QMXCT03343),https://www.molinamarketplace.com/PricingTransparency/263574/TX/INN/innetwork-G-QMXCT03343.json,https://www.molinamarketplace.com/PricingTransparency/263574/TX/INN/innetwork-G-QMXCT03343.json,innetwork-G-QMXCT03343,2026-08-11,small,no,,
molina-innetwork-g-qmxct03345-json,Molina,Molina Marketplace TX (innetwork-G-QMXCT03345),https://www.molinamarketplace.com/PricingTransparency/263574/TX/INN/innetwork-G-QMXCT03345.json,https://www.molinamarketplace.com/PricingTransparency/263574/TX/INN/innetwork-G-QMXCT03345.json,innetwork-G-QMXCT03345,2026-08-11,small,no,,
molina-innetwork-g-qmxct03359-json,Molina,Molina Marketplace TX (innetwork-G-QMXCT03359),https://www.molinamarketplace.com/PricingTransparency/263574/TX/INN/innetwork-G-QMXCT03359.json,https://www.molinamarketplace.com/PricingTransparency/263574/TX/INN/innetwork-G-QMXCT03359.json,innetwork-G-QMXCT03359,2026-08-11,small,no,,
molina-innetwork-g-qmxct03363-json,Molina,Molina Marketplace TX (innetwork-G-QMXCT03363),https://www.molinamarketplace.com/PricingTransparency/263574/TX/INN/innetwork-G-QMXCT03363.json,https://www.molinamarketplace.com/PricingTransparency/263574/TX/INN/innetwork-G-QMXCT03363.json,innetwork-G-QMXCT03363,2026-08-11,small,no,,
molina-innetwork-g-qmxct03364-json,Molina,Molina Marketplace TX (innetwork-G-QMXCT03364),https://www.molinamarketplace.com/PricingTransparency/263574/TX/INN/innetwork-G-QMXCT03364.json,https://www.molinamarketplace.com/PricingTransparency/263574/TX/INN/innetwork-G-QMXCT03364.json,innetwork-G-QMXCT03364,2026-08-11,small,no,,
molina-innetwork-g-qmxct03365-json,Molina,Molina Marketplace TX (innetwork-G-QMXCT03365),https://www.molinamarketplace.com/PricingTransparency/263574/TX/INN/innetwork-G-QMXCT03365.json,https://www.molinamarketplace.com/PricingTransparency/263574/TX/INN/innetwork-G-QMXCT03365.json,innetwork-G-QMXCT03365,2026-08-11,small,no,,
molina-innetwork-g-qmxct03370-json,Molina,Molina Marketplace TX (innetwork-G-QMXCT03370),https://www.molinamarketplace.com/PricingTransparency/263574/TX/INN/innetwork-G-QMXCT03370.json,https://www.molinamarketplace.com/PricingTransparency/263574/TX/INN/innetwork-G-QMXCT03370.json,innetwork-G-QMXCT03370,2026-08-11,small,no,,
molina-innetwork-g-qmxct03378-json,Molina,Molina Marketplace TX (innetwork-G-QMXCT03378),https://www.molinamarketplace.com/PricingTransparency/263574/TX/INN/innetwork-G-QMXCT03378.json,https://www.molinamarketplace.com/PricingTransparency/263574/TX/INN/innetwork-G-QMXCT03378.json,innetwork-G-QMXCT03378,2026-08-11,small,no,,
molina-innetwork-g-qmxct03382-json,Molina,Molina Marketplace TX (innetwork-G-QMXCT03382),https://www.molinamarketplace.com/PricingTransparency/263574/TX/INN/innetwork-G-QMXCT03382.json,https://www.molinamarketplace.com/PricingTransparency/263574/TX/INN/innetwork-G-QMXCT03382.json,innetwork-G-QMXCT03382,2026-08-11,small,no,,
molina-innetwork-g-qmxct03386-json,Molina,Molina Marketplace TX (innetwork-G-QMXCT03386),https://www.molinamarketplace.com/PricingTransparency/263574/TX/INN/innetwork-G-QMXCT03386.json,https://www.molinamarketplace.com/PricingTransparency/263574/TX/INN/innetwork-G-QMXCT03386.json,innetwork-G-QMXCT03386,2026-08-11,small,no,,
molina-innetwork-g-qmxct03516-json,Molina,Molina Marketplace TX (innetwork-G-QMXCT03516),https://www.molinamarketplace.com/PricingTransparency/263574/TX/INN/innetwork-G-QMXCT03516.json,https://www.molinamarketplace.com/PricingTransparency/263574/TX/INN/innetwork-G-QMXCT03516.json,innetwork-G-QMXCT03516,2026-08-11,small,no,,
molina-innetwork-g-qmxct03522-json,Molina,Molina Marketplace TX (innetwork-G-QMXCT03522),https://www.molinamarketplace.com/PricingTransparency/263574/TX/INN/innetwork-G-QMXCT03522.json,https://www.molinamarketplace.com/PricingTransparency/263574/TX/INN/innetwork-G-QMXCT03522.json,innetwork-G-QMXCT03522,2026-08-11,small,no,,
molina-innetwork-g-qmxct03528-json,Molina,Molina Marketplace TX (innetwork-G-QMXCT03528),https://www.molinamarketplace.com/PricingTransparency/263574/TX/INN/innetwork-G-QMXCT03528.json,https://www.molinamarketplace.com/PricingTransparency/263574/TX/INN/innetwork-G-QMXCT03528.json,innetwork-G-QMXCT03528,2026-08-11,small,no,,
molina-innetwork-g-qmxct08829-json,Molina,Molina Marketplace TX (innetwork-G-QMXCT08829),https://www.molinamarketplace.com/PricingTransparency/263574/TX/INN/innetwork-G-QMXCT08829.json,https://www.molinamarketplace.com/PricingTransparency/263574/TX/INN/innetwork-G-QMXCT08829.json,innetwork-G-QMXCT08829,2026-08-11,small,no,,
molina-innetwork-g-qmxct08895-json,Molina,Molina Marketplace TX (innetwork-G-QMXCT08895),https://www.molinamarketplace.com/PricingTransparency/263574/TX/INN/innetwork-G-QMXCT08895.json,https://www.molinamarketplace.com/PricingTransparency/263574/TX/INN/innetwork-G-QMXCT08895.json,innetwork-G-QMXCT08895,2026-08-11,small,no,,
molina-innetwork-g-qmxct09501-json,Molina,Molina Marketplace TX (innetwork-G-QMXCT09501),https://www.molinamarketplace.com/PricingTransparency/263574/TX/INN/innetwork-G-QMXCT09501.json,https://www.molinamarketplace.com/PricingTransparency/263574/TX/INN/innetwork-G-QMXCT09501.json,innetwork-G-QMXCT09501,2026-08-11,small,no,,
molina-innetwork-g-qmxct12962-json,Molina,Molina Marketplace TX (innetwork-G-QMXCT12962),https://www.molinamarketplace.com/PricingTransparency/263574/TX/INN/innetwork-G-QMXCT12962.json,https://www.molinamarketplace.com/PricingTransparency/263574/TX/INN/innetwork-G-QMXCT12962.json,innetwork-G-QMXCT12962,2026-08-11,small,no,,
molina-innetwork-g-qmxct13496-json,Molina,Molina Marketplace TX (innetwork-G-QMXCT13496),https://www.molinamarketplace.com/PricingTransparency/263574/TX/INN/innetwork-G-QMXCT13496.json,https://www.molinamarketplace.com/PricingTransparency/263574/TX/INN/innetwork-G-QMXCT13496.json,innetwork-G-QMXCT13496,2026-08-11,small,no,,
molina-innetwork-g-qmxct14657-json,Molina,Molina Marketplace TX (innetwork-G-QMXCT14657),https://www.molinamarketplace.com/PricingTransparency/263574/TX/INN/innetwork-G-QMXCT14657.json,https://www.molinamarketplace.com/PricingTransparency/263574/TX/INN/innetwork-G-QMXCT14657.json,innetwork-G-QMXCT14657,2026-08-11,small,no,,
oscar-oscar-059-in-network-json,Oscar,Oscar Individual Texas HMO (059),https://hioscar-cms-tic-us-east-1.s3.amazonaws.com/oscar/negotiated_rates/{dc}/oscar/{dc}-oscar-059-in-network.json,https://hioscar-cms-tic-us-east-1.s3.amazonaws.com/oscar/negotiated_rates/20260901/oscar/20260901-oscar-059-in-network.json,20260901-oscar-059-in-network,2026-09-01,small,yes,,
oscar-oscar-064-in-network-json,Oscar,Oscar Individual Texas EPO (064),https://hioscar-cms-tic-us-east-1.s3.amazonaws.com/oscar/negotiated_rates/{dc}/oscar/{dc}-oscar-064-in-network.json,https://hioscar-cms-tic-us-east-1.s3.amazonaws.com/oscar/negotiated_rates/20260901/oscar/20260901-oscar-064-in-network.json,20260901-oscar-064-in-network,2026-09-01,small,yes,,
unitedhealthcare-uhic-insurer-choice-plus-c2-in-network-rates-json-gz,UnitedHealthcare,UnitedHealthcare Choice Plus,https://transparency-in-coverage.uhc.com/api/v1/uhc/blobs/download/{date}/{date}_UHIC_Insurer_Choice-Plus_C2_in-network-rates.json.gz,https://transparency-in-coverage.uhc.com/api/v1/uhc/blobs/download/2026-09-01/2026-09-01_UHIC_Insurer_Choice-Plus_C2_in-network-rates.json.gz,2026-09-01_UHIC_Insurer_Choice-Plus_C2_in-network-rates,2026-10-01,uhc,yes,,
wellpoint-tx-jblxmed0001-json-gz,Wellpoint,Wellpoint Texas Essential (TX_JBLXMED0001),https://antm-pt-prod-dataz-nogbd-nophi-us-east1.s3.amazonaws.com/wellpoint/TX_JBLXMED0001.json.gz,https://antm-pt-prod-dataz-nogbd-nophi-us-east1.s3.amazonaws.com/wellpoint/TX_JBLXMED0001.json.gz,TX_JBLXMED0001,2026-09-01,small,yes,,
